대분류,카드 종류,사용구분,결제 방법,롯데카드,비씨카드(자체),삼성카드,신한카드,우리카드,하나카드,현대카드,KB국민카드,합계,년월
국내이용금액 ,신용카드,개인,일시불,7840394,180560,15050833,17359830,5771670,5804650,14410440,13039020,79457397,202302
국내이용금액 ,신용카드,개인,할부,2337970,60002,5773922,4159771,1580365,1481839,3344346,3338326,22076541,202302
국내이용금액 ,신용카드,개인,현금서비스,957955,2134,1571140,2056486,804271,552734,578832,1610424,8133976,202302
국내이용금액 ,신용카드,개인,카드론,776708,3782,1274300,1393924,623824,671918,626332,1013101,6383889,202302
국내이용금액 ,신용카드,법인,일시불,3034574,115420,2823962,2611906,3120748,2074024,3244065,3523784,20548483,202302
국내이용금액 ,신용카드,법인,할부,2045,14,5596,3594,35348,69269,10382,42063,168311,202302
국내이용금액 ,직불/체크카드,개인,일반,144280,2033,148753,3941860,2709125,1887371,74198,4887955,13795575,202302
국내이용금액 ,직불/체크카드,법인,일반,206,0,3828,651191,813244,508494,42242,951917,2971122,202302
해외이용금액,신용카드,개인,일시불,152381,3366,382121,353411,144350,174682,336435,320986,1867732,202302
해외이용금액,신용카드,개인,할부,0,0,33542,22503,0,0,26564,0,82609,202302
해외이용금액,신용카드,개인,현금서비스,1267,28,3448,4167,2253,2622,2214,5007,21006,202302
해외이용금액,신용카드,법인,일시불,90865,907,95334,109059,77699,86667,43624,100343,604498,202302
해외이용금액,신용카드,법인,현금서비스,12,0,43,66,68,47,0,28,264,202302
해외이용금액,직불/체크카드,개인,일반,355,0,725,134094,93512,144726,526,76062,450000,202302
해외이용금액,직불/체크카드,법인,일반,0,0,0,24341,25332,32727,0,22153,104553,202302
국내이용금액 ,신용카드,개인,일시불,12122775,290104,22975987,26752485,8986170,8831953,22240815,19919182,122119471,202303
국내이용금액 ,신용카드,개인,할부,3628484,93350,8605885,6447000,2483720,2185991,5136411,5144858,33725699,202303
국내이용금액 ,신용카드,개인,현금서비스,1480417,3611,2405175,3216335,1258071,855240,904610,2490251,12613710,202303
국내이용금액 ,신용카드,개인,카드론,1242872,6108,1934207,2108718,978970,1005185,1025874,1624845,9926779,202303
국내이용금액 ,신용카드,법인,일시불,4560068,162596,4372567,4018898,4443120,3432177,5778587,5650312,32418325,202303
국내이용금액 ,신용카드,법인,할부,3122,17,10032,5270,55865,119045,21539,64764,279654,202303
국내이용금액 ,직불/체크카드,개인,일반,223622,3074,226258,6056378,4162034,2897976,118091,7464779,21152212,202303
국내이용금액 ,직불/체크카드,법인,일반,311,0,5840,978931,1236420,754359,66674,1405985,4448520,202303
해외이용금액,신용카드,개인,일시불,224969,5590,568722,530315,216722,261752,509856,488417,2806343,202303
해외이용금액,신용카드,개인,할부,0,0,46835,33298,0,0,39885,0,120018,202303
해외이용금액,신용카드,개인,현금서비스,1844,34,5154,6338,3441,3967,3274,7653,31705,202303
해외이용금액,신용카드,법인,일시불,141118,1360,145415,176023,121304,138599,70030,156772,950621,202303
해외이용금액,신용카드,법인,현금서비스,17,0,65,66,104,82,0,40,374,202303
해외이용금액,직불/체크카드,개인,일반,561,0,1119,196136,137007,211722,804,112410,659759,202303
해외이용금액,직불/체크카드,법인,일반,0,0,0,36827,37533,49082,0,34279,157721,202303
국내이용금액 ,신용카드,개인,일시불,16343657,399981,30502613,35977919,12289475,11646415,29919928,26641317,163721305,202304
국내이용금액 ,신용카드,개인,할부,4949987,132496,10817954,8756133,3458858,2864570,6984664,6918934,44883596,202304
국내이용금액 ,신용카드,개인,현금서비스,1978713,5064,3154477,4270952,1690436,1141232,1213217,3311178,16765269,202304
국내이용금액 ,신용카드,개인,카드론,1702973,8680,2541201,2863387,1289839,1291533,1429225,2185614,13312452,202304
국내이용금액 ,신용카드,법인,일시불,6191167,228382,5947503,5466197,6319958,4704777,8494394,7286632,44639010,202304
국내이용금액 ,신용카드,법인,할부,54374,23,16399,7735,78154,177400,22923,88691,445699,202304
국내이용금액 ,직불/체크카드,개인,일반,302076,4053,298553,8099714,5552859,3900844,176504,9972350,28306953,202304
국내이용금액 ,직불/체크카드,법인,일반,404,0,7996,1320925,1682050,1003742,96688,1840059,5951864,202304
해외이용금액,신용카드,개인,일시불,290710,7586,742690,689444,281979,340325,677660,641515,3671909,202304
해외이용금액,신용카드,개인,할부,0,0,57302,42925,0,0,52947,0,153174,202304
해외이용금액,신용카드,개인,현금서비스,2414,42,6606,8191,4550,5055,4383,10043,41284,202304
해외이용금액,신용카드,법인,일시불,189221,1787,187647,239396,161234,185111,92445,208373,1265214,202304
해외이용금액,신용카드,법인,현금서비스,21,0,77,66,120,123,0,53,460,202304
해외이용금액,직불/체크카드,개인,일반,723,0,1463,252013,175298,277799,1228,144753,853277,202304
해외이용금액,직불/체크카드,법인,일반,0,0,0,48866,48697,63785,0,44996,206344,202304
국내이용금액 ,신용카드,개인,일시불,20727171,530827,38278850,45381196,15631206,14576326,38161905,33604203,206891684,202305
국내이용금액 ,신용카드,개인,할부,6309326,176862,13442822,10954957,4420800,3531193,8900971,8694588,56431519,202305
국내이용금액 ,신용카드,개인,현금서비스,2489760,6956,3931279,5389038,2161248,1445683,1557854,4172821,21154639,202305
국내이용금액 ,신용카드,개인,카드론,2224762,11904,3195553,3678307,1460100,1630482,1869003,2795240,16865351,202305
국내이용금액 ,신용카드,법인,일시불,8058255,257687,8570635,7126093,8034379,6651069,11145693,8861159,58704970,202305
국내이용금액 ,신용카드,법인,할부,55345,28,18317,8945,91135,217983,24150,110673,526576,202305
국내이용금액 ,직불/체크카드,개인,일반,390081,5114,374278,10238921,7023320,4959083,248533,12579236,35818566,202305
국내이용금액 ,직불/체크카드,법인,일반,498,0,9691,1640086,2067127,1307935,123039,2309861,7458237,202305
해외이용금액,신용카드,개인,일시불,370698,9940,956604,884211,363441,437231,898948,829399,4750472,202305
해외이용금액,신용카드,개인,할부,0,0,68822,52800,0,0,69598,0,191220,202305
해외이용금액,신용카드,개인,현금서비스,3051,66,8383,10507,5909,6434,5668,12860,52878,202305
해외이용금액,신용카드,법인,일시불,243804,2181,237810,313201,207698,243040,120218,269396,1637348,202305
해외이용금액,신용카드,법인,현금서비스,26,0,99,107,161,149,0,72,614,202305
해외이용금액,직불/체크카드,개인,일반,948,0,1929,321647,220234,366918,1877,183993,1097546,202305
해외이용금액,직불/체크카드,법인,일반,0,0,0,62376,58971,80950,0,57844,260141,202305
국내이용금액 ,신용카드,개인,일시불,25049569,661899,46074333,54765192,18929230,17557020,46131318,40406936,249575497,202306
국내이용금액 ,신용카드,개인,할부,7624611,224186,16127531,13150581,5454984,4188012,10780614,10454616,68005135,202306
국내이용금액 ,신용카드,개인,현금서비스,2986366,8850,4677786,6508858,2626667,1746420,1902177,5036550,25493674,202306
국내이용금액 ,신용카드,개인,카드론,2731423,14971,3845194,4414435,1514201,1903466,2373528,3380450,20177668,202306
국내이용금액 ,신용카드,법인,일시불,10047292,285424,10051176,8711503,9361588,8352599,13327236,10501651,70638469,202306
국내이용금액 ,신용카드,법인,할부,56235,33,19173,10707,109014,260576,38268,133699,627705,202306
국내이용금액 ,직불/체크카드,개인,일반,468925,6151,443262,12278382,8445132,5966732,320460,15073241,43002285,202306
국내이용금액 ,직불/체크카드,법인,일반,602,0,11571,1963234,2484548,1562237,150838,2752857,8925887,202306
해외이용금액,신용카드,개인,일시불,445967,12323,1153909,1063672,438855,529151,1109750,1002379,5756006,202306
해외이용금액,신용카드,개인,할부,0,0,79824,62573,0,0,86329,0,228726,202306
해외이용금액,신용카드,개인,현금서비스,3599,77,9975,12542,7027,7724,7056,15412,63412,202306
해외이용금액,신용카드,법인,일시불,293489,2548,283630,384185,250316,296134,145267,326850,1982419,202306
해외이용금액,신용카드,법인,현금서비스,30,0,120,118,191,204,0,90,753,202306
해외이용금액,직불/체크카드,개인,일반,1202,0,2303,383586,265407,453571,2680,221024,1329773,202306
해외이용금액,직불/체크카드,법인,일반,0,0,0,75587,68207,97131,0,70031,310956,202306
국내이용금액 ,신용카드,개인,일시불,29574598,803346,54066178,64203170,22266773,20468596,54252985,47414294,293049940,202307
국내이용금액 ,신용카드,개인,할부,9004657,275820,18929883,15469425,6572540,4862633,12859800,12317508,80292266,202307
국내이용금액 ,신용카드,개인,현금서비스,3504812,11012,5384018,7637768,3095356,2056371,2265235,5928851,29883423,202307
국내이용금액 ,신용카드,개인,카드론,3204771,18487,4524965,5204121,1801358,2154150,2871535,3947962,23727349,202307
국내이용금액 ,신용카드,법인,일시불,11621082,331941,11708147,10204353,10412859,9652411,15365583,12072485,81368861,202307
국내이용금액 ,신용카드,법인,할부,57328,38,21037,12832,130699,317192,42836,160088,742050,202307
국내이용금액 ,직불/체크카드,개인,일반,546373,7225,513623,14378182,9880446,6999734,398781,17645816,50370180,202307
국내이용금액 ,직불/체크카드,법인,일반,689,0,13328,2302604,2897102,1818748,178299,3212484,10423254,202307
해외이용금액,신용카드,개인,일시불,523503,15167,1360512,1253071,516451,626816,1334136,1180403,6810059,202307
해외이용금액,신용카드,개인,할부,0,0,89779,71897,0,0,102625,0,264301,202307
해외이용금액,신용카드,개인,현금서비스,4300,96,11651,14645,8253,9126,8534,18234,74839,202307
해외이용금액,신용카드,법인,일시불,342101,2904,327408,454773,292129,349397,171074,384247,2324033,202307
해외이용금액,신용카드,법인,현금서비스,38,0,133,118,224,282,0,105,900,202307
해외이용금액,직불/체크카드,개인,일반,1469,0,2700,449195,312198,549353,3555,259948,1578418,202307
해외이용금액,직불/체크카드,법인,일반,0,0,0,88778,78208,112792,0,82721,362499,202307
국내이용금액 ,신용카드,개인,일시불,34016291,952364,62080662,73778149,25575904,23360830,62317043,54424702,336505945,202308
국내이용금액 ,신용카드,개인,할부,10309342,329772,21695365,17623864,7566270,5502952,14795014,14069260,91891839,202308
국내이용금액 ,신용카드,개인,현금서비스,4024367,13541,6096295,8738246,3574277,2362463,2673122,6817418,34299729,202308
국내이용금액 ,신용카드,개인,카드론,3631657,22283,5242796,5995573,2134390,2397401,3323960,4513550,27261610,202308
국내이용금액 ,신용카드,법인,일시불,13280467,374652,13346829,11642755,11426123,10931042,17474423,13629490,92105781,202308
국내이용금액 ,신용카드,법인,할부,58337,43,23599,14189,144536,357927,51345,182768,832744,202308
국내이용금액 ,직불/체크카드,개인,일반,634233,8314,587093,16459692,11326137,8034096,465924,20168834,57684323,202308
국내이용금액 ,직불/체크카드,법인,일반,786,0,15590,2645252,3316875,2111005,205285,3744188,12038981,202308
해외이용금액,신용카드,개인,일시불,603468,18039,1570374,1451226,596101,726964,1569554,1367414,7903140,202308
해외이용금액,신용카드,개인,할부,0,0,104145,82868,0,0,121348,0,308361,202308
해외이용금액,신용카드,개인,현금서비스,4936,109,13457,16775,9521,10558,9863,21018,86237,202308
해외이용금액,신용카드,법인,일시불,391088,3289,367619,526668,333848,402454,195679,442126,2662771,202308
해외이용금액,신용카드,법인,현금서비스,44,0,159,118,265,308,0,118,1012,202308
해외이용금액,직불/체크카드,개인,일반,1760,0,3084,516334,358594,650441,4433,298378,1833024,202308
해외이용금액,직불/체크카드,법인,일반,0,0,0,99798,88775,128740,0,94974,412287,202308
국내이용금액 ,신용카드,개인,일시불,38418962,1111146,69949752,83279759,29006737,26286027,70457613,61492116,380002112,202309
국내이용금액 ,신용카드,개인,할부,11629694,386208,24349546,19751537,8610598,6162793,16807902,15865981,103564259,202309
국내이용금액 ,신용카드,개인,현금서비스,4529193,16219,6783626,9787110,4016013,2629586,3067491,7663766,38493004,202309
국내이용금액 ,신용카드,개인,카드론,3957576,28018,5788988,6719835,2454400,2590159,3721207,5060013,30320196,202309
국내이용금액 ,신용카드,법인,일시불,14888655,412891,15183252,13274478,12886937,12386263,19752247,15407482,104192205,202309
국내이용금액 ,신용카드,법인,할부,59205,45,24770,16068,161983,397115,58284,206175,923645,202309
국내이용금액 ,직불/체크카드,개인,일반,725219,9366,658307,18516264,12755399,9059949,543684,22679454,64947642,202309
국내이용금액 ,직불/체크카드,법인,일반,872,0,17665,3022499,3786823,2446731,236173,4309120,13819883,202309
해외이용금액,신용카드,개인,일시불,670205,20825,1741446,1614928,664876,809574,1768329,1525730,8815913,202309
해외이용금액,신용카드,개인,할부,0,0,116921,92948,0,0,137468,0,347337,202309
해외이용금액,신용카드,개인,현금서비스,5511,125,14810,18540,10483,11682,11164,23294,95609,202309
해외이용금액,신용카드,법인,일시불,437255,3758,407242,599213,374277,454829,221783,495136,2993493,202309
해외이용금액,신용카드,법인,현금서비스,52,0,168,118,294,339,0,147,1118,202309
해외이용금액,직불/체크카드,개인,일반,1979,0,3437,572434,400123,736256,5061,329848,2049138,202309
해외이용금액,직불/체크카드,법인,일반,0,0,0,109377,97728,143627,0,106258,456990,202309
국내이용금액 ,신용카드,개인,일시불,42709617,1275808,77761318,92753374,32289361,29393427,78902605,68564573,423650083,202310
국내이용금액 ,신용카드,개인,할부,12968381,451541,27175600,22043403,9711803,6911744,19063706,17842187,116168365,202310
국내이용금액 ,신용카드,개인,현금서비스,5086686,19527,7546969,10960700,4515042,2919695,3544441,8610865,43203925,202310
국내이용금액 ,신용카드,개인,카드론,4287857,34380,6428527,7532545,2686117,2742720,4200295,5628167,33540608,202310
국내이용금액 ,신용카드,법인,일시불,16688251,454814,16773741,14886438,13911490,13912898,22362246,16963523,115953401,202310
국내이용금액 ,신용카드,법인,할부,60136,47,26702,17603,179864,441078,65322,233630,1024382,202310
국내이용금액 ,직불/체크카드,개인,일반,828743,10397,732744,20622634,14190978,10119492,627801,25261010,72393799,202310
국내이용금액 ,직불/체크카드,법인,일반,947,0,19424,3354806,4200094,2772836,263447,4823811,15435365,202310
해외이용금액,신용카드,개인,일시불,758630,23921,1969121,1830943,758630,920018,2046078,1732383,10039724,202310
해외이용금액,신용카드,개인,할부,0,0,132205,105627,0,0,159782,0,397614,202310
해외이용금액,신용카드,개인,현금서비스,6106,144,16455,20714,11746,13051,12577,26266,107059,202310
해외이용금액,신용카드,법인,일시불,490578,4184,453815,681598,422937,518756,251244,560656,3383768,202310
해외이용금액,신용카드,법인,현금서비스,58,0,189,187,330,386,0,180,1330,202310
해외이용금액,직불/체크카드,개인,일반,2277,0,3884,642184,448406,858401,5975,369605,2330732,202310
해외이용금액,직불/체크카드,법인,일반,0,0,0,121009,107419,161457,0,118652,508537,202310
국내이용금액 ,신용카드,개인,일시불,46974257,1449123,85361335,102276730,35616910,32589218,87393400,75529694,467190667,202311
국내이용금액 ,신용카드,개인,할부,14325584,520758,29866540,24354683,10759445,7661033,21299434,19792681,128580158,202311
국내이용금액 ,신용카드,개인,현금서비스,5598109,22933,8157880,12057177,4976986,3176615,4015383,9474790,47479873,202311
국내이용금액 ,신용카드,개인,카드론,4630000,39274,7092427,8313855,2931474,2898055,4657795,6111313,36674193,202311
국내이용금액 ,신용카드,법인,일시불,18434538,500498,18215652,16595638,15991203,15111083,24963588,18584601,128396801,202311
국내이용금액 ,신용카드,법인,할부,61104,49,30214,0,196423,480507,71327,258177,1097801,202311
국내이용금액 ,직불/체크카드,개인,일반,936218,11364,803528,22632110,15560929,11118447,707268,27706857,79476721,202311
국내이용금액 ,직불/체크카드,법인,일반,1028,0,21525,3707496,4619001,3034743,293567,5293406,16970766,202311
해외이용금액,신용카드,개인,일시불,839158,27091,2169912,2031126,841630,1015253,2289513,1924399,11138082,202311
해외이용금액,신용카드,개인,할부,0,0,144767,117444,0,0,179995,0,442206,202311
해외이용금액,신용카드,개인,현금서비스,6606,162,17798,22530,12813,14076,13859,28490,116334,202311
해외이용금액,신용카드,법인,일시불,542816,4546,497379,759747,467850,577140,279074,622137,3750689,202311
해외이용금액,신용카드,법인,현금서비스,63,0,205,237,365,408,0,199,1477,202311
해외이용금액,직불/체크카드,개인,일반,2539,0,4297,706843,495967,962296,6827,406835,2585604,202311
해외이용금액,직불/체크카드,법인,일반,0,0,0,131847,116849,178264,0,130103,557063,202311
국내이용금액 ,신용카드,개인,일시불,51547126,1632034,93110748,111809223,39085710,35651496,96072886,82676994,511586217,202312
국내이용금액 ,신용카드,개인,할부,15680577,589481,32443823,26528667,11797147,8375220,23456621,21687119,140558655,202312
국내이용금액 ,신용카드,개인,현금서비스,6110403,26703,8736646,13138487,5429287,3420979,4483999,10309581,51656085,202312
국내이용금액 ,신용카드,개인,카드론,4936146,44548,7798352,9008528,3180572,3019023,5131218,6681466,39799853,202312
국내이용금액 ,신용카드,법인,일시불,20184186,564197,19593318,18137621,17334174,16483880,27521265,20212159,140030800,202312
국내이용금액 ,신용카드,법인,할부,62026,49,31721,20606,214940,524944,78065,282835,1215186,202312
국내이용금액 ,직불/체크카드,개인,일반,1027484,12384,872600,24716057,16975604,12185090,790209,30261219,86840647,202312
국내이용금액 ,직불/체크카드,법인,일반,1120,0,23690,4102029,5081905,3305965,324771,5783729,18623209,202312
해외이용금액,신용카드,개인,일시불,914854,30382,2361338,2219386,922327,1109656,2527619,2100704,12186266,202312
해외이용금액,신용카드,개인,할부,0,0,156907,128778,0,0,198204,0,483889,202312
해외이용금액,신용카드,개인,현금서비스,7209,171,19170,24362,13969,15122,15332,30947,126282,202312
해외이용금액,신용카드,법인,일시불,592180,4942,535441,829287,507102,629000,302602,676860,4077414,202312
해외이용금액,신용카드,법인,현금서비스,71,0,221,237,411,467,0,212,1619,202312
해외이용금액,직불/체크카드,개인,일반,2883,0,4739,768497,545506,1072446,7656,441476,2843203,202312
해외이용금액,직불/체크카드,법인,일반,0,0,0,140901,124426,192373,0,140227,597927,202312
국내이용금액 ,신용카드,개인,일시불,4550272,201149,7737874,9592878,3308147,3182091,8827716,7254545,44654672,202401
국내이용금액 ,신용카드,개인,할부,1447414,70451,2849172,2336808,998711,717406,2222489,1959916,12602367,202401
국내이용금액 ,신용카드,개인,현금서비스,518152,4158,607580,1101956,460193,239759,524022,874503,4330323,202401
국내이용금액 ,신용카드,개인,카드론,483927,5452,777671,721683,248219,141339,577635,582213,3538139,202401
국내이용금액 ,신용카드,법인,일시불,1824249,60906,1328313,1966467,1094268,1254989,2222596,1437295,11189083,202401
국내이용금액 ,신용카드,법인,할부,1034,6,2841,1754,16894,40046,8549,27108,98232,202401
국내이용금액 ,직불/체크카드,개인,일반,87749,986,69364,2001861,1347653,1035484,84014,2464244,7091355,202401
국내이용금액 ,직불/체크카드,법인,일반,76,0,1752,331240,373007,266847,25575,491017,1489514,202401
해외이용금액,신용카드,개인,일시불,91022,3766,223661,219005,94718,110267,286651,199395,1228485,202401
해외이용금액,신용카드,개인,할부,0,0,14357,12609,0,0,16177,0,43143,202401
해외이용금액,신용카드,개인,현금서비스,664,17,1662,2365,1312,1360,1620,2957,11957,202401
해외이용금액,신용카드,법인,일시불,54894,462,40325,73898,44478,57735,27262,60894,359948,202401
해외이용금액,신용카드,법인,현금서비스,5,0,21,0,44,23,0,30,123,202401
해외이용금액,직불/체크카드,개인,일반,466,0,465,69155,55877,211438,1098,39644,378143,202401
해외이용금액,직불/체크카드,법인,일반,0,0,0,10164,8644,13523,0,11356,43687,202401
국내이용금액 ,신용카드,개인,일시불,8838644,401156,14946740,18556895,6481336,6089683,17004236,14091370,86410060,202402
국내이용금액 ,신용카드,개인,할부,2671935,129613,5236946,4326688,1838721,1349567,4113782,3660334,23327586,202402
국내이용금액 ,신용카드,개인,현금서비스,998121,8055,1187006,2139946,889070,458838,1027488,1674831,8383355,202402
국내이용금액 ,신용카드,개인,카드론,960905,10302,1628992,1349739,434392,305710,1050888,1114604,6855532,202402
국내이용금액 ,신용카드,법인,일시불,3517450,124241,2790933,3372780,2684859,2533267,4543088,2843292,22409910,202402
국내이용금액 ,신용카드,법인,할부,1827,12,7311,2945,31646,69988,14905,49173,177807,202402
국내이용금액 ,직불/체크카드,개인,일반,178461,1952,136247,3943433,2655098,2036559,167616,4862030,13981396,202402
국내이용금액 ,직불/체크카드,법인,일반,157,0,3505,683090,759069,522652,52107,962226,2982806,202402
해외이용금액,신용카드,개인,일시불,172728,7708,414532,411025,177033,205450,539475,373531,2301482,202402
해외이용금액,신용카드,개인,할부,0,0,25865,23420,0,0,28838,0,78123,202402
해외이용금액,신용카드,개인,현금서비스,1144,30,2902,4294,2374,2456,2950,5368,21518,202402
해외이용금액,신용카드,법인,일시불,101207,1054,77334,139531,83145,108959,52377,112501,676108,202402
해외이용금액,신용카드,법인,현금서비스,8,0,36,0,82,38,0,57,221,202402
해외이용금액,직불/체크카드,개인,일반,886,0,810,131310,104505,405235,2119,73746,718611,202402
해외이용금액,직불/체크카드,법인,일반,0,0,0,20971,15967,24863,0,20831,82632,202402
국내이용금액 ,신용카드,개인,일시불,13474402,613257,22749725,28071871,9892160,9337536,25909474,21403412,131451837,202403
국내이용금액 ,신용카드,개인,할부,4012987,194288,7897183,6482844,2747205,2060123,6105613,5501257,35001500,202403
국내이용금액 ,신용카드,개인,현금서비스,1508181,12754,1816123,3219526,1323410,686123,1554824,2520212,12641153,202403
국내이용금액 ,신용카드,개인,카드론,1494458,15826,2413313,2082868,607650,502086,1601587,1674845,10392633,202403
국내이용금액 ,신용카드,법인,일시불,5119994,185249,4193257,5159197,3987579,4007865,6780272,4281930,33715343,202403
국내이용금액 ,신용카드,법인,할부,73530,16,8915,3381,50021,105819,20876,73807,336365,202403
국내이용금액 ,직불/체크카드,개인,일반,261107,2877,204890,6065373,4055804,3116382,256060,7455422,21417915,202403
국내이용금액 ,직불/체크카드,법인,일반,239,0,5428,1029371,1177702,762965,80456,1409798,4465959,202403
해외이용금액,신용카드,개인,일시불,254900,12452,598698,593985,257585,297262,790577,550059,3355518,202403
해외이용금액,신용카드,개인,할부,0,0,36777,34288,0,0,41361,0,112426,202403
해외이용금액,신용카드,개인,현금서비스,1696,56,4131,6157,3431,3439,4339,7813,31062,202403
해외이용금액,신용카드,법인,일시불,157852,1513,119088,210961,125667,163960,79447,166704,1025192,202403
해외이용금액,신용카드,법인,현금서비스,15,0,69,0,115,55,0,85,339,202403
해외이용금액,직불/체크카드,개인,일반,2788,0,1431,213340,153948,579003,3200,107108,1060818,202403
해외이용금액,직불/체크카드,법인,일반,0,0,0,33316,23377,37407,0,31465,125565,202403
국내이용금액 ,신용카드,개인,일시불,18153584,835809,30354188,37409950,13072736,12453728,34674481,28615786,175570262,202404
국내이용금액 ,신용카드,개인,할부,5394642,258534,10550376,8618870,3610500,2732177,8021028,7322655,46508782,202404
국내이용금액 ,신용카드,개인,현금서비스,2017275,18392,2474782,4272240,1753908,911579,2083527,3330551,16862254,202404
국내이용금액 ,신용카드,개인,카드론,2038875,20232,3064078,2879186,863162,718395,2163657,2252186,13999771,202404
국내이용금액 ,신용카드,법인,일시불,7157161,255644,5756718,6793920,5693528,5266147,9241580,5762157,45926855,202404
국내이용금액 ,신용카드,법인,할부,74355,22,10546,4828,65715,145968,27922,99543,428899,202404
국내이용금액 ,직불/체크카드,개인,일반,346825,3759,271701,8139822,5426328,4175198,343854,9961017,28668504,202404
국내이용금액 ,직불/체크카드,법인,일반,316,0,7150,1368776,1532667,1023595,108305,1891812,5932621,202404
해외이용금액,신용카드,개인,일시불,341298,17386,795366,782835,340597,394668,1063104,735606,4470860,202404
해외이용금액,신용카드,개인,할부,0,0,49724,45829,0,0,54774,0,150327,202404
해외이용금액,신용카드,개인,현금서비스,2218,70,5631,8024,4533,4509,5644,10565,41194,202404
해외이용금액,신용카드,법인,일시불,215526,2031,162140,290879,170690,222671,109308,224992,1398237,202404
해외이용금액,신용카드,법인,현금서비스,22,0,100,0,158,80,0,118,478,202404
해외이용금액,직불/체크카드,개인,일반,5137,0,1913,329936,202933,774781,5826,141915,1462441,202404
해외이용금액,직불/체크카드,법인,일반,0,0,0,46627,31313,50641,0,42345,170926,202404
국내이용금액 ,신용카드,개인,일시불,22960917,1088357,38275233,46930569,16420874,15662444,43660201,35996207,220994802,202405
국내이용금액 ,신용카드,개인,할부,6873760,323959,13427218,10751174,4459350,3402484,9930922,9134461,58303328,202405
국내이용금액 ,신용카드,개인,현금서비스,2549570,23985,3144777,5362910,2205053,1139909,2625847,4162121,21214172,202405
국내이용금액 ,신용카드,개인,카드론,2611197,24396,3715908,3589768,1190824,948142,2738718,2852974,17671927,202405
국내이용금액 ,신용카드,법인,일시불,9106343,304448,7508558,8462085,7195218,7047284,12246761,7338778,59209475,202405
국내이용금액 ,신용카드,법인,할부,75242,27,12434,6255,82881,180496,34657,124821,516813,202405
국내이용금액 ,직불/체크카드,개인,일반,449961,4698,341289,10284109,6839757,5270610,435047,12541171,36166642,202405
국내이용금액 ,직불/체크카드,법인,일반,396,0,9090,1728700,1923524,1270418,138342,2357768,7428238,202405
해외이용금액,신용카드,개인,일시불,428527,22360,994296,971195,424736,494651,1337737,918014,5591516,202405
해외이용금액,신용카드,개인,할부,0,0,63276,57198,0,0,68941,0,189415,202405
해외이용금액,신용카드,개인,현금서비스,2804,89,6927,9927,5699,5567,7108,13079,51200,202405
해외이용금액,신용카드,법인,일시불,271766,3980,204213,370822,216113,281753,138877,283590,1771114,202405
해외이용금액,신용카드,법인,현금서비스,23,0,110,0,189,96,0,139,557,202405
해외이용금액,직불/체크카드,개인,일반,5553,0,2231,465700,248485,985657,6706,180247,1894579,202405
해외이용금액,직불/체크카드,법인,일반,0,0,0,59545,39477,63195,0,53362,215579,202405
국내이용금액 ,신용카드,개인,일시불,27677727,1325438,45965261,56412450,19687896,18764889,52284810,43282794,265401265,202406
국내이용금액 ,신용카드,개인,할부,8289695,388416,16221016,12781070,5294253,4047880,11793099,10893821,69709250,202406
국내이용금액 ,신용카드,개인,현금서비스,3076872,29686,3813122,6408932,2633032,1358638,3153102,4949315,25422699,202406
국내이용금액 ,신용카드,개인,카드론,3131045,28087,4376177,4283400,1497080,1176614,3301021,3418340,21211764,202406
국내이용금액 ,신용카드,법인,일시불,10871319,353974,9038280,10350832,8687073,8717112,15178282,8871236,72068108,202406
국내이용금액 ,신용카드,법인,할부,76002,32,13677,7719,99982,214687,41196,148830,602125,202406
국내이용금액 ,직불/체크카드,개인,일반,565595,5614,409549,12351464,8194708,6337828,523171,15044839,43432768,202406
국내이용금액 ,직불/체크카드,법인,일반,473,0,11085,2098321,2344502,1504797,167520,2800786,8927484,202406
해외이용금액,신용카드,개인,일시불,509332,27638,1177994,1139765,499119,584609,1591653,1083322,6613432,202406
해외이용금액,신용카드,개인,할부,0,0,76096,67738,0,0,81581,0,225415,202406
해외이용금액,신용카드,개인,현금서비스,3538,111,8205,11611,6811,6506,8473,15405,60660,202406
해외이용금액,신용카드,법인,일시불,325417,6765,247348,449475,258572,338130,166491,337227,2129425,202406
해외이용금액,신용카드,법인,현금서비스,31,0,122,0,215,110,0,159,637,202406
해외이용금액,직불/체크카드,개인,일반,5887,0,2525,598796,290959,1172879,7495,217602,2296143,202406
해외이용금액,직불/체크카드,법인,일반,0,0,0,71755,47538,75320,0,63896,258509,202406
국내이용금액 ,신용카드,개인,일시불,32593231,1594130,53842138,66120879,22875177,21967541,61291391,50737339,311021826,202407
국내이용금액 ,신용카드,개인,할부,9748765,464341,19211388,15117612,6183926,4746487,13849672,12866486,82188677,202407
국내이용금액 ,신용카드,개인,현금서비스,3628097,36215,4499654,7497291,3087290,1590581,3705819,5771724,29816671,202407
국내이용금액 ,신용카드,개인,카드론,3644600,32229,5036528,5035774,1910386,1431342,3880619,4001318,24972796,202407
국내이용금액 ,신용카드,법인,일시불,12912784,419195,10631445,12200521,10044072,9988573,17944121,10377315,84518026,202407
국내이용금액 ,신용카드,법인,할부,76845,36,15495,9092,116543,253160,44422,175846,691439,202407
국내이용금액 ,직불/체크카드,개인,일반,665858,6590,478306,14483314,9574026,7436814,617308,17620840,50883056,202407
국내이용금액 ,직불/체크카드,법인,일반,557,0,12880,2459246,2709571,1776154,194810,3294662,10447880,202407
해외이용금액,신용카드,개인,일시불,604008,33111,1390286,1335491,587261,689921,1892913,1273473,7806464,202407
해외이용금액,신용카드,개인,할부,0,0,91298,79066,0,0,96267,0,266631,202407
해외이용금액,신용카드,개인,현금서비스,4165,127,9712,13594,7973,7717,10006,18280,71574,202407
해외이용금액,신용카드,법인,일시불,388175,9704,295080,537486,305454,401318,197691,398607,2533515,202407
해외이용금액,신용카드,법인,현금서비스,36,0,137,0,253,146,0,178,750,202407
해외이용금액,직불/체크카드,개인,일반,6364,0,2854,788050,343365,1405546,8594,264627,2819400,202407
해외이용금액,직불/체크카드,법인,일반,0,0,0,86502,56852,89575,0,76008,308937,202407
국내이용금액 ,신용카드,개인,일시불,37317113,1858459,61798858,75891594,26164763,25125418,70124029,58259729,356539963,202408
국내이용금액 ,신용카드,개인,할부,11103196,533309,22017189,17260366,7030987,5357538,15716978,14709526,93729089,202408
국내이용금액 ,신용카드,개인,현금서비스,4171870,42867,5184841,8575746,3537504,1820339,4265162,6591857,34190186,202408
국내이용금액 ,신용카드,개인,카드론,4159135,36992,5661889,5805281,2317403,1683487,4460418,4577672,28702277,202408
국내이용금액 ,신용카드,법인,일시불,14765174,491998,12341841,14155679,11577398,11255972,20513139,11864959,96966160,202408
국내이용금액 ,신용카드,법인,할부,77621,252,16572,10313,132800,285194,50610,198700,772062,202408
국내이용금액 ,직불/체크카드,개인,일반,716583,7529,542479,16593086,10939607,8540559,710484,20185235,58235562,202408
국내이용금액 ,직불/체크카드,법인,일반,644,0,14897,2849981,3140928,2049366,224451,3815505,12095772,202408
해외이용금액,신용카드,개인,일시불,690840,38636,1584815,1519181,668824,789471,2172244,1450404,8914415,202408
해외이용금액,신용카드,개인,할부,0,0,106608,91070,0,0,111356,0,309034,202408
해외이용금액,신용카드,개인,현금서비스,4771,143,11099,15322,9045,8753,11662,20895,81690,202408
해외이용금액,신용카드,법인,일시불,442396,12337,335007,613525,346579,458159,224581,451849,2884433,202408
해외이용금액,신용카드,법인,현금서비스,46,0,143,0,285,201,0,206,881,202408
해외이용금액,직불/체크카드,개인,일반,6766,0,3129,995486,398484,1616994,9514,309093,3339466,202408
해외이용금액,직불/체크카드,법인,일반,0,0,0,99285,64749,102176,0,86997,353207,202408
국내이용금액 ,신용카드,개인,일시불,41989418,2129412,69470916,85269757,29326281,28268949,79037937,65710968,401203638,202409
국내이용금액 ,신용카드,개인,할부,12429002,615398,24778504,19354079,7899028,6002418,17620349,16561773,105260551,202409
국내이용금액 ,신용카드,개인,현금서비스,4709727,49738,5857709,9620041,3979490,2053859,4818217,7388610,38477391,202409
국내이용금액 ,신용카드,개인,카드론,4618003,40696,6315773,6566615,2645647,1922677,4982144,5109446,32201001,202409
국내이용금액 ,신용카드,법인,일시불,16872224,552806,14127228,16124656,13634431,12660019,23574202,13372622,110918188,202409
국내이용금액 ,신용카드,법인,할부,78459,636,18206,11434,147943,313296,56659,221016,847649,202409
국내이용금액 ,직불/체크카드,개인,일반,766890,8502,603660,18684017,12291515,9645677,807927,22768956,65577144,202409
국내이용금액 ,직불/체크카드,법인,일반,727,0,16581,3235754,3568827,2454116,253476,4483468,14012949,202409
해외이용금액,신용카드,개인,일시불,778487,43951,1783616,1705566,752300,889779,2465706,1630109,10049514,202409
해외이용금액,신용카드,개인,할부,0,0,121023,102769,0,0,125285,0,349077,202409
해외이용금액,신용카드,개인,현금서비스,5302,165,12448,16996,10161,9762,13070,23346,91250,202409
해외이용금액,신용카드,법인,일시불,502293,16036,379040,694038,390116,519779,256579,506663,3264544,202409
해외이용금액,신용카드,법인,현금서비스,48,0,155,0,325,225,0,226,979,202409
해외이용금액,직불/체크카드,개인,일반,7204,0,3384,1200225,451268,1835379,10573,354658,3862691,202409
해외이용금액,직불/체크카드,법인,일반,0,0,0,112504,72533,115575,0,97486,398098,202409
